Language;GB020;GB021;GB022;GB023;GB026;GB027;GB028;GB030;GB031;GB035;GB036;GB037;GB038;GB039;GB041;GB042;GB043;GB044;GB046;GB047;GB048;GB049;GB051;GB052;GB053;GB054;GB057;GB058;GB059;GB068;GB069;GB070;GB071;GB072;GB073;GB074;GB075;GB079;GB080;GB081;GB082;GB083;GB084;GB086;GB089;GB090;GB091;GB092;GB093;GB094;GB095;GB096;GB098;GB099;GB103;GB104;GB105;GB107;GB108;GB109;GB110;GB111;GB113;GB114;GB115;GB116;GB117;GB118;GB119;GB120;GB121;GB122;GB123;GB124;GB126;GB127;GB129;GB131;GB132;GB133;GB134;GB135;GB136;GB137;GB138;GB139;GB140;GB146;GB147;GB148;GB149;GB150;GB151;GB152;GB155;GB156;GB158;GB159;GB160;GB165;GB166;GB167;GB170;GB171;GB172;GB177;GB184;GB185;GB186;GB187;GB188;GB192;GB196;GB197;GB198;GB204;GB250;GB252;GB253;GB254;GB256;GB257;GB260;GB262;GB263;GB264;GB265;GB266;GB270;GB273;GB275;GB276;GB285;GB286;GB291;GB296;GB297;GB298;GB299;GB300;GB301;GB302;GB303;GB304;GB305;GB306;GB309;GB312;GB313;GB314;GB315;GB316;GB317;GB318;GB319;GB320;GB321;GB322;GB323;GB324;GB325;GB326;GB327;GB328;GB329;GB330;GB331;GB333;GB334;GB335;GB336;GB400;GB401;GB402;GB403;GB408;GB409;GB410;GB415;GB421;GB422;GB430;GB431;GB432;GB433;GB519;GB520;GB521;GB522;TE002;TE003;TE004;TE005;TE006;TE007;TE008;TE014;TE016;TE018;TE019;TE027;TE031;TE037;TE038;TE039;TE046;TE050;TE051;TE052;TE054;TE059;TE062;TE066;TE078;TS001;TS002;TS003;TS004;TS005;TS006;TS007;TS008;TS009;TS010;TS079;TS080
Hateruma;0;0;0;0;NA;NA;0;0;0;0;0;0;0;0;0;0;0;0;NA;NA;NA;NA;0;0;0;0;1;0;0;1;0;0;0;1;1;0;1;0;1;0;1;1;0;1;0;0;0;0;0;0;0;0;0;0;0;0;0;1;0;0;NA;1;1;NA;NA;0;1;NA;1;1;0;1;1;0;1;0;0;0;0;1;1;NA;1;1;0;1;1;NA;1;0;0;1;0;1;1;0;NA;NA;NA;0;0;0;0;0;0;0;0;0;0;1;NA;0;0;0;0;NA;1;1;0;0;0;0;0;0;1;0;NA;1;NA;1;NA;NA;0;0;0;NA;0;0;0;0;NA;0;0;1;1;NA;0;1;NA;0;0;0;0;0;0;0;0;0;1;NA;NA;NA;0;1;NA;NA;NA;NA;NA;NA;NA;0;NA;0;NA;0;0;1;0;NA;NA;0;1;1;0;0;0;0;1;1;0;0;0;0;0;1;NA;1;0;0;0;0;1;0;NA;1;1;1;0;1;0;NA;0;0;1;1;1;0;1;0;1;0;1;NA;0;0
Ikema;0;0;0;0;NA;NA;NA;NA;NA;NA;NA;NA;0;NA;0;0;0;1;NA;NA;NA;NA;0;0;0;0;NA;0;0;0;0;1;NA;1;NA;0;1;0;1;0;1;1;NA;NA;0;0;0;0;0;0;0;0;0;0;0;0;NA;1;NA;0;NA;1;NA;NA;NA;0;1;NA;0;1;0;NA;1;0;1;0;0;0;0;1;NA;NA;0;1;0;1;0;NA;1;0;0;1;0;1;1;0;0;0;0;0;0;NA;0;0;0;0;NA;NA;NA;1;0;0;NA;NA;0;NA;1;NA;NA;NA;NA;0;0;0;1;0;NA;NA;NA;NA;NA;NA;0;0;0;NA;0;0;0;NA;NA;0;0;1;NA;NA;0;1;NA;0;0;0;0;0;0;0;0;NA;NA;NA;NA;NA;0;1;NA;NA;NA;NA;NA;NA;NA;0;NA;NA;NA;1;0;0;NA;NA;NA;0;0;1;0;1;0;0;1;NA;0;0;0;NA;1;1;0;1;NA;NA;NA;0;1;0;1;NA;0;0;0;1;0;NA;0;0;0;1;1;0;1;0;1;0;NA;NA;0;0
Japanese;0;0;0;0;0;0;0;1;0;1;0;0;0;1;0;0;0;0;1;1;0;1;0;0;0;0;1;0;0;1;1;1;1;1;1;0;1;0;1;0;1;1;0;1;0;0;0;0;0;0;0;0;0;0;0;0;1;1;0;0;0;1;1;0;1;0;1;0;0;1;0;1;1;0;1;0;0;0;0;1;1;1;0;1;0;1;1;1;1;0;0;1;0;0;1;0;0;0;1;0;0;0;0;0;0;0;0;1;0;1;0;0;1;1;0;1;1;1;1;0;0;1;0;0;1;0;0;0;0;1;0;0;0;0;0;1;0;0;0;0;0;0;0;1;1;1;0;1;0;0;0;0;0;0;0;0;0;0;0;1;0;1;0;1;1;0;0;1;0;0;0;0;1;0;1;1;0;0;1;0;1;0;0;1;0;1;0;0;1;1;0;0;0;1;0;1;0;1;0;0;0;0;1;0;1;1;0;1;0;0;0;0;0;0;1;0;1;0;1;0;1;0;0;1;0;0
Ogami;0;0;0;0;0;0;0;0;0;0;0;0;0;0;0;0;0;0;1;0;1;0;0;0;0;0;1;0;0;0;0;1;1;1;1;0;1;0;1;0;0;1;0;1;0;0;0;0;0;0;0;0;0;0;0;0;0;1;1;0;0;1;1;0;NA;0;0;1;1;1;0;0;NA;0;1;0;0;0;0;1;1;1;0;1;0;1;0;NA;1;0;0;1;0;1;1;0;0;0;1;0;0;1;0;0;0;0;0;0;0;1;0;0;0;0;0;1;0;1;0;0;0;1;0;0;1;0;0;0;0;1;0;0;0;1;0;1;0;0;0;0;0;0;0;1;1;NA;0;1;0;0;0;0;0;0;0;0;0;0;1;0;0;1;0;1;0;0;0;1;0;0;0;0;NA;0;1;1;0;0;0;0;1;0;0;1;0;1;1;0;1;1;0;0;0;1;1;0;1;1;0;0;0;0;0;0;1;1;0;0;0;NA;0;NA;0;0;1;1;1;0;1;0;1;0;1;0;0;0
Okinoerabu;0;0;0;0;NA;NA;0;0;0;1;0;0;0;0;0;0;0;0;1;1;1;0;0;0;0;0;1;0;NA;NA;NA;1;1;1;1;0;1;0;1;0;1;1;0;1;0;0;0;0;0;0;0;0;0;0;0;0;0;1;0;0;0;1;1;0;0;0;1;NA;0;1;0;NA;1;0;1;0;0;0;0;1;1;NA;NA;1;0;1;0;NA;1;0;0;1;0;NA;1;0;NA;NA;NA;0;0;0;0;0;0;NA;0;NA;0;NA;0;0;0;0;0;NA;NA;NA;NA;NA;NA;0;0;0;1;0;NA;NA;NA;1;0;0;0;0;0;NA;0;0;0;NA;NA;0;0;1;1;1;0;1;0;0;0;0;0;0;0;0;0;0;1;1;0;1;0;1;NA;0;0;1;0;0;0;0;NA;NA;NA;1;0;0;1;0;0;0;0;1;0;0;0;0;1;1;0;0;0;1;0;1;NA;1;0;0;0;0;1;0;1;1;0;0;0;1;0;0;0;0;1;1;1;0;1;0;1;0;NA;NA;0;0
Shuri;0;0;0;0;0;NA;0;0;0;1;0;0;0;0;0;0;0;0;NA;NA;NA;NA;0;0;0;0;1;0;0;1;1;1;1;1;1;0;1;0;1;0;1;1;0;1;0;0;0;0;0;0;1;0;0;0;0;0;0;1;0;0;NA;1;1;NA;NA;0;1;NA;0;1;0;1;NA;0;1;0;0;0;0;1;1;NA;NA;1;0;NA;0;0;1;0;0;1;0;1;1;0;NA;NA;NA;0;0;0;0;0;0;0;0;0;0;1;0;0;0;0;0;NA;NA;NA;NA;NA;NA;0;0;0;1;0;NA;NA;NA;NA;NA;NA;0;0;0;NA;0;0;0;0;NA;0;0;1;NA;NA;0;1;0;0;0;0;0;0;0;0;0;0;0;0;NA;NA;0;1;NA;0;0;NA;NA;NA;NA;0;NA;0;1;1;0;0;1;NA;NA;0;0;1;0;0;0;0;NA;1;0;0;0;1;0;1;NA;1;0;0;0;0;0;0;1;1;NA;0;0;1;0;NA;0;0;NA;NA;1;0;1;0;1;0;NA;NA;0;0
Tarama;0;0;0;0;0;NA;0;0;0;NA;NA;NA;0;0;0;0;0;1;NA;NA;NA;NA;0;0;0;0;1;0;NA;1;1;1;1;1;1;0;0;0;1;0;1;1;0;0;0;0;0;0;0;0;0;0;0;0;0;0;NA;1;0;0;NA;1;NA;NA;NA;0;1;NA;0;1;0;NA;NA;0;NA;NA;0;0;0;1;NA;NA;NA;1;0;1;1;NA;1;0;0;NA;0;NA;1;0;0;0;1;0;0;0;0;0;0;0;0;NA;0;1;0;0;0;0;0;NA;1;NA;NA;NA;NA;0;0;0;1;0;NA;NA;NA;NA;NA;NA;0;0;0;NA;0;1;0;NA;NA;0;0;NA;NA;NA;0;1;0;0;0;0;0;0;0;0;0;0;0;NA;NA;1;0;1;NA;0;0;NA;NA;NA;NA;0;NA;NA;NA;1;0;0;0;NA;NA;0;0;1;0;0;0;0;1;1;0;0;0;1;1;1;1;1;0;0;1;0;1;0;1;NA;NA;0;0;1;0;NA;0;0;1;0;1;0;1;0;1;0;NA;NA;0;0
Yonaguni;0;0;0;0;NA;NA;0;0;0;1;0;0;0;0;NA;0;0;1;1;NA;NA;NA;0;0;0;0;1;0;0;1;1;1;1;1;1;0;1;0;1;0;1;1;0;1;0;0;0;0;0;0;0;0;0;0;0;0;0;1;0;0;NA;1;NA;0;0;0;1;NA;1;1;0;1;1;0;1;0;0;0;0;1;1;1;0;1;0;1;1;0;1;0;0;1;0;NA;1;0;NA;NA;NA;0;0;0;0;0;0;0;0;NA;0;1;1;0;0;0;0;NA;0;1;0;0;0;0;0;0;1;0;0;0;0;1;NA;NA;0;0;0;NA;0;1;0;NA;NA;0;0;1;1;0;0;1;0;0;0;0;0;0;0;0;0;1;0;NA;NA;1;0;1;NA;NA;NA;NA;0;NA;0;0;1;NA;NA;1;0;0;0;0;1;0;0;1;0;0;0;0;1;0;0;0;NA;NA;0;1;NA;0;0;0;1;1;0;0;0;0;NA;0;0;1;0;0;0;1;NA;NA;1;0;1;0;1;0;NA;NA;0;0
Yuwan;0;0;0;0;NA;NA;0;0;1;1;0;0;0;1;0;0;0;0;1;NA;1;NA;0;0;0;0;1;0;0;1;NA;1;1;1;NA;0;1;0;1;0;1;1;0;1;0;0;0;0;0;0;0;0;0;0;0;0;0;1;0;0;NA;NA;NA;NA;NA;0;1;NA;0;1;0;1;1;0;1;0;0;0;0;1;1;1;NA;1;0;1;0;1;1;NA;0;1;0;1;1;0;NA;NA;1;0;0;NA;0;0;0;0;0;0;0;1;0;0;0;0;0;NA;0;1;0;1;0;0;0;0;1;0;NA;NA;NA;1;NA;NA;0;0;0;NA;0;0;0;NA;NA;0;0;1;1;NA;0;1;1;0;0;0;0;0;0;0;0;0;0;NA;1;1;0;1;0;0;0;1;0;0;0;0;NA;NA;NA;1;0;0;1;0;1;0;0;1;0;NA;0;0;1;0;0;0;0;1;0;1;NA;1;0;0;0;0;0;0;1;1;0;0;0;1;0;NA;0;0;0;1;1;0;1;0;1;0;NA;NA;0;0
Korean;0;0;0;0;NA;0;0;0;0;1;0;0;0;NA;0;0;0;1;1;1;1;1;0;0;0;0;1;0;0;1;1;1;0;1;1;0;1;0;1;0;0;1;1;0;0;0;0;0;0;0;0;0;0;0;0;0;1;1;0;NA;NA;1;1;1;1;0;1;1;0;1;0;1;1;0;1;NA;0;0;0;1;1;1;0;0;0;1;1;1;1;0;0;1;0;1;1;1;0;1;1;0;0;0;0;0;0;0;0;0;0;1;0;0;0;0;0;1;0;1;0;1;0;0;0;0;1;0;0;0;0;1;0;1;0;0;0;1;0;0;1;NA;0;0;0;1;1;1;1;1;0;0;0;0;0;0;0;0;0;1;0;0;1;1;0;1;0;0;0;1;0;0;0;0;NA;NA;NA;1;NA;1;1;0;1;0;0;1;0;0;0;0;1;1;1;0;0;1;0;0;0;1;0;0;1;1;0;0;1;0;0;1;0;0;1;NA;0;1;0;1;1;0;1;0;1;0;0;1;0;0
EvenD;0;0;0;0;NA;0;0;0;0;0;0;0;0;0;0;0;0;1;1;1;1;1;0;0;0;0;0;0;0;0;0;1;1;1;1;0;1;0;1;0;1;0;1;0;1;0;1;0;0;0;0;0;0;NA;0;0;0;NA;1;NA;NA;1;1;NA;1;0;NA;NA;0;0;0;NA;NA;0;NA;NA;0;0;0;1;NA;NA;NA;NA;NA;0;NA;0;1;0;0;NA;NA;1;NA;0;0;0;0;0;0;0;0;0;0;0;1;1;0;NA;1;0;0;0;0;1;0;1;0;0;0;NA;NA;NA;NA;NA;0;1;0;0;1;0;NA;NA;0;0;NA;1;NA;NA;NA;0;0;NA;1;NA;NA;1;0;0;0;0;0;0;0;0;0;0;0;NA;NA;NA;NA;NA;NA;NA;NA;1;0;0;0;0;NA;NA;NA;1;0;0;0;NA;NA;0;0;0;1;0;0;0;1;1;NA;NA;1;0;NA;1;0;1;1;1;0;1;0;1;1;0;1;0;0;NA;0;NA;0;0;1;0;1;0;1;1;1;0;0;1;0;0
EvenB;0;0;0;0;1;NA;1;0;0;0;0;0;0;1;0;0;0;1;NA;NA;NA;NA;0;0;0;0;0;0;1;0;0;1;1;1;1;0;1;0;1;0;1;1;1;1;1;0;1;0;0;0;0;0;0;0;0;0;0;1;1;0;0;1;1;0;1;0;1;NA;0;0;0;NA;NA;0;1;NA;0;0;1;1;0;NA;0;1;0;NA;0;0;1;0;0;NA;NA;1;1;0;NA;NA;NA;0;0;0;0;0;0;0;NA;0;0;1;0;0;0;0;0;NA;NA;NA;NA;NA;NA;1;0;0;1;0;0;1;0;0;1;0;0;1;0;NA;0;1;0;0;1;0;0;1;1;NA;0;1;0;0;0;0;0;0;0;0;0;0;0;0;NA;NA;1;NA;NA;0;0;1;0;0;0;0;NA;0;0;1;0;0;0;0;0;0;0;0;1;0;0;0;1;1;0;1;1;0;0;1;0;1;0;1;0;1;0;1;1;0;0;1;0;1;0;NA;0;0;1;0;1;0;1;1;1;0;NA;NA;0;0
Evenki;0;0;0;0;NA;1;1;0;0;0;0;0;0;0;0;0;0;1;1;1;1;1;0;0;0;0;1;0;1;0;0;1;1;1;1;0;1;0;1;0;1;1;1;1;1;0;1;0;0;0;0;0;0;0;0;0;0;0;1;0;0;1;1;0;1;0;1;0;1;1;1;0;NA;NA;0;NA;0;0;0;1;1;0;0;0;0;0;0;0;1;0;0;1;0;1;1;0;0;0;1;0;0;0;0;0;0;0;1;1;0;1;1;0;0;0;0;1;0;0;1;1;0;1;0;0;1;0;0;1;0;0;1;0;0;0;0;0;0;1;0;0;0;0;0;1;1;NA;1;1;0;0;0;0;0;0;0;0;0;0;0;1;0;0;0;1;1;0;0;1;0;0;0;0;0;0;0;1;0;0;0;0;0;0;0;1;1;0;0;0;0;1;0;1;1;0;0;1;NA;1;1;1;0;1;0;1;1;0;0;1;0;1;1;1;0;0;1;0;1;0;1;1;1;0;1;0;1;1
Nanai;0;0;0;0;1;1;0;0;0;0;0;0;0;0;0;0;0;1;1;1;1;0;0;0;0;0;1;0;1;0;0;1;1;1;1;0;1;0;1;0;1;1;1;0;1;0;1;0;0;0;0;0;0;0;0;0;0;1;0;0;0;1;1;0;0;0;1;0;0;0;1;0;0;0;0;0;0;0;0;1;1;1;0;1;0;1;1;1;0;0;0;1;0;1;1;0;0;0;1;0;0;0;0;0;0;0;0;0;0;1;0;0;0;0;0;1;0;1;1;0;1;0;0;0;1;0;0;0;0;1;0;0;0;0;0;1;0;1;0;0;0;0;0;0;1;0;0;1;0;0;0;0;0;0;0;0;0;0;0;1;0;1;0;1;0;0;0;1;0;0;0;0;0;0;0;1;0;0;0;0;0;0;0;0;1;0;0;0;1;1;0;0;1;0;0;1;1;1;1;1;0;;NA;NA;0;NA;NA;0;0;0;NA;NA;NA;0;1;0;1;0;1;0;1;1;1;0;1;0
Negidal;0;0;0;0;1;0;1;0;0;0;0;0;0;NA;0;0;0;1;1;NA;NA;1;0;0;0;0;1;0;1;0;0;1;1;1;1;0;1;0;1;0;1;1;1;1;1;0;1;0;0;0;0;0;0;0;0;0;0;0;1;0;0;NA;NA;NA;1;0;NA;NA;1;0;1;NA;NA;0;NA;NA;0;0;0;1;1;NA;0;1;0;1;NA;NA;1;0;0;1;0;0;1;NA;NA;NA;NA;0;0;0;0;0;0;0;0;NA;0;1;1;0;0;0;0;NA;0;0;1;0;0;0;0;0;1;0;0;1;0;0;0;0;0;0;0;1;0;1;0;0;NA;0;0;1;1;NA;1;1;0;0;0;0;0;0;0;0;0;0;0;0;NA;NA;NA;NA;NA;NA;NA;1;0;0;0;0;NA;0;0;1;0;0;0;NA;NA;0;0;0;1;0;0;0;NA;1;0;1;1;0;0;1;0;1;1;1;1;1;0;0;1;1;0;1;0;1;0;1;0;0;1;0;1;0;1;1;1;0;NA;NA;0;0
Ulch;0;0;0;0;0;NA;0;0;0;0;0;0;0;0;0;0;0;1;NA;1;1;1;0;0;0;0;1;0;1;0;0;1;1;1;1;0;1;0;1;0;1;1;1;1;1;0;1;0;0;0;0;0;0;0;0;0;0;1;0;0;0;1;1;1;0;0;1;0;NA;NA;1;1;NA;0;0;NA;0;0;0;1;NA;1;0;1;0;1;NA;NA;1;0;0;NA;0;1;1;0;0;0;1;0;0;0;0;0;0;0;0;1;0;1;0;0;0;0;0;1;NA;NA;NA;NA;NA;0;0;0;1;1;0;0;0;1;0;0;0;0;0;1;0;1;1;NA;NA;0;0;NA;1;NA;0;1;0;0;0;0;0;0;0;0;0;0;0;1;NA;NA;0;1;NA;NA;NA;1;0;0;0;0;NA;0;NA;1;0;0;1;NA;NA;0;0;0;1;0;0;0;NA;1;1;0;1;0;0;1;0;1;1;1;0;1;0;1;1;0;NA;1;0;1;0;1;0;0;1;0;NA;NA;1;1;1;0;NA;NA;NA;NA
Oroch;0;0;1;0;NA;0;1;0;0;0;0;0;0;0;0;0;0;0;1;1;1;1;0;0;0;0;NA;0;1;0;0;1;1;1;1;0;1;0;1;0;1;1;1;1;1;0;1;0;0;0;0;0;0;0;0;0;0;1;1;0;0;1;1;1;1;0;1;NA;1;0;0;NA;NA;0;NA;NA;0;0;0;1;NA;NA;NA;1;1;1;NA;1;1;0;0;1;NA;1;1;0;0;0;1;0;0;0;0;0;0;0;0;0;0;1;0;0;0;0;0;NA;NA;NA;NA;1;NA;NA;NA;0;1;0;0;1;0;0;0;0;0;0;0;1;0;1;0;NA;NA;0;0;1;1;0;0;1;0;0;0;0;0;0;0;0;0;0;0;NA;0;NA;NA;1;NA;NA;NA;1;0;0;0;0;NA;NA;NA;1;0;0;0;NA;NA;0;0;0;1;0;0;0;1;1;0;1;1;0;0;1;1;1;1;1;0;1;1;1;1;1;0;1;0;NA;0;1;0;0;1;0;1;0;1;1;1;0;NA;NA;1;0
Orok;0;0;0;0;NA;1;0;0;0;0;0;0;0;0;NA;0;0;0;NA;NA;NA;NA;0;0;0;0;0;0;1;0;0;1;1;1;1;0;1;0;1;0;1;1;1;NA;1;0;1;0;0;0;0;0;0;0;0;0;0;0;NA;0;0;1;1;NA;NA;0;1;NA;NA;NA;NA;NA;NA;0;1;0;0;0;0;1;1;1;NA;0;NA;0;0;NA;1;0;0;1;NA;1;1;0;NA;NA;NA;0;0;0;0;0;0;0;0;0;0;NA;NA;0;0;0;0;NA;0;1;1;1;NA;0;0;0;1;0;0;0;0;1;0;0;0;0;0;NA;0;1;0;NA;NA;0;0;1;1;NA;NA;1;0;0;0;0;0;0;0;0;0;NA;NA;1;0;1;0;1;NA;0;0;1;0;0;0;NA;NA;NA;NA;1;0;0;0;0;0;0;0;1;1;NA;NA;NA;NA;1;NA;NA;1;0;0;1;NA;1;1;1;NA;1;0;0;1;1;0;1;0;1;1;1;0;0;1;0;1;0;1;1;1;0;NA;NA;NA;NA
Solon;0;0;0;0;1;NA;1;0;0;0;0;0;0;0;NA;0;0;1;1;NA;NA;NA;0;0;0;0;0;0;0;0;0;1;1;1;1;0;1;0;1;0;1;1;1;1;1;0;1;0;0;0;0;0;0;0;0;0;0;0;1;0;0;NA;1;NA;1;0;1;NA;1;1;1;NA;1;0;NA;0;0;0;0;1;1;1;0;0;NA;0;0;NA;1;0;0;1;0;1;1;0;0;0;0;0;0;0;0;0;0;0;0;NA;0;NA;NA;0;0;0;0;NA;0;1;1;1;1;0;0;0;1;0;0;1;0;0;0;0;0;0;0;NA;0;1;NA;NA;NA;0;0;1;1;0;1;1;0;0;0;0;0;0;0;0;0;0;0;0;0;1;0;1;0;0;0;1;0;0;0;NA;NA;NA;NA;1;0;0;0;0;0;0;0;1;1;0;0;0;NA;NA;0;1;0;0;0;1;1;1;1;1;0;1;0;1;1;0;0;1;0;1;0;1;0;0;1;0;1;0;1;1;1;0;NA;NA;NA;NA
Udehe;1;0;0;1;1;1;1;0;0;0;0;0;0;0;0;0;0;0;1;1;0;1;0;0;0;0;0;0;1;0;0;1;1;1;1;0;1;0;1;0;0;1;1;1;1;0;1;0;0;0;0;0;0;0;0;0;0;0;0;0;0;1;1;1;1;0;1;0;1;1;1;0;1;0;1;0;0;0;0;1;1;0;0;0;0;0;0;1;1;0;0;1;1;1;1;0;0;0;1;0;0;0;0;0;0;0;1;0;0;1;0;0;0;0;0;1;0;1;1;1;1;1;0;0;0;0;0;1;0;0;0;0;0;0;0;1;0;1;0;0;1;0;0;1;1;0;1;1;0;0;0;0;0;0;0;0;0;0;0;0;0;0;1;1;1;0;0;1;0;0;0;1;0;0;0;1;NA;1;0;0;0;0;0;0;1;0;0;0;1;1;0;0;1;0;0;1;0;1;1;1;0;1;0;0;1;1;0;1;1;0;0;1;0;0;1;1;1;0;1;1;1;0;1;1;1;1
Baoan;0;0;0;0;0;NA;1;0;0;0;0;1;0;0;0;0;1;1;1;1;1;1;0;0;0;0;0;0;0;0;0;1;1;1;1;0;1;0;1;0;0;1;1;1;0;0;0;0;0;0;0;0;0;0;NA;NA;0;0;0;0;0;NA;1;0;1;0;1;NA;1;1;0;NA;NA;0;0;0;0;0;0;1;1;NA;1;0;0;1;0;NA;0;0;0;0;0;NA;1;0;1;0;1;0;1;1;0;0;0;0;0;NA;0;NA;NA;0;0;0;0;NA;0;1;1;0;0;0;0;0;0;0;0;1;0;0;0;0;0;1;0;NA;0;0;1;0;NA;0;0;0;1;NA;NA;1;NA;0;0;0;0;0;0;0;0;0;0;1;NA;1;0;1;0;NA;NA;1;0;0;0;NA;NA;0;0;1;0;1;0;NA;NA;0;0;1;NA;0;0;1;1;1;0;0;1;1;0;1;1;1;1;1;1;1;1;1;0;0;0;1;1;1;0;NA;1;0;1;1;1;0;NA;NA;1;0;0;1;0;0
Buriat;0;0;0;0;0;1;0;0;0;0;0;0;0;0;0;0;0;1;0;1;1;1;0;0;0;0;0;0;0;NA;0;1;1;1;1;0;1;0;1;0;1;1;0;1;1;0;1;0;0;0;0;0;0;NA;0;0;NA;1;0;0;0;0;1;0;1;0;1;NA;1;1;0;0;NA;0;0;NA;0;0;0;1;NA;1;NA;1;0;1;NA;NA;1;0;0;NA;0;1;1;0;0;0;1;0;0;0;0;0;0;0;1;1;0;1;NA;0;0;0;0;1;0;0;0;1;1;0;0;0;1;0;0;1;0;0;0;0;0;0;0;0;0;0;0;0;NA;0;0;NA;1;0;0;1;1;0;0;0;0;0;0;0;0;0;0;1;0;1;0;1;0;NA;NA;1;0;0;0;0;NA;0;0;1;NA;1;1;NA;NA;0;0;1;1;0;0;0;1;1;1;0;0;0;0;1;1;1;1;1;1;1;1;1;1;1;0;1;1;1;0;1;1;0;1;NA;1;0;1;1;1;0;0;1;NA;NA
Kalmyk;0;0;0;0;NA;NA;0;0;0;0;0;0;0;1;0;0;0;1;NA;1;NA;1;0;0;0;0;0;0;NA;0;0;1;1;1;1;0;1;0;1;0;0;1;0;1;0;0;0;0;0;0;0;0;0;0;0;0;0;0;0;NA;NA;NA;1;1;1;0;NA;NA;1;1;1;NA;NA;0;NA;NA;0;0;0;1;NA;1;0;1;0;1;0;NA;1;0;0;1;0;0;1;0;0;1;1;0;0;0;0;0;0;0;0;0;0;1;NA;0;0;0;0;NA;0;1;1;0;1;0;0;0;1;0;0;1;0;0;0;0;0;1;0;1;0;0;1;NA;NA;0;0;NA;1;0;0;1;0;0;0;0;0;0;0;0;0;1;1;1;0;1;0;1;NA;0;0;1;0;0;0;NA;NA;NA;NA;1;0;1;1;NA;NA;0;0;0;1;0;0;0;NA;1;1;0;0;NA;0;1;1;1;NA;1;1;1;1;1;1;NA;0;1;1;0;0;1;1;0;1;0;1;0;1;1;1;0;NA;NA;NA;NA
Khalkha;0;0;0;0;NA;1;0;0;NA;0;0;0;0;1;0;0;0;1;0;1;1;1;0;0;0;0;0;0;0;0;0;1;1;1;1;0;1;0;1;0;1;1;0;1;0;0;0;0;0;0;0;0;0;0;0;0;0;1;NA;0;0;0;1;1;1;0;1;NA;1;1;0;0;NA;0;0;0;0;0;0;1;NA;1;1;0;0;1;0;NA;1;0;0;1;0;1;1;0;NA;NA;0;0;0;0;0;0;0;0;0;0;0;0;0;0;0;0;0;1;0;1;1;1;1;0;0;0;1;0;0;1;0;0;0;0;0;0;0;0;0;NA;1;0;NA;0;0;1;1;0;0;1;1;0;0;0;0;0;0;0;0;0;0;1;1;1;0;1;0;0;0;1;0;0;0;0;NA;0;0;1;NA;1;0;0;0;0;0;1;1;0;0;0;1;1;NA;NA;0;0;0;1;NA;1;1;1;1;1;1;1;1;1;0;1;1;1;0;1;1;0;1;1;1;0;1;1;1;0;NA;NA;0;0
Mangghuer;0;0;0;1;0;NA;0;0;0;0;0;0;0;0;0;0;0;1;1;NA;NA;NA;0;0;0;0;1;0;0;0;0;1;1;1;1;0;1;0;1;0;NA;1;NA;1;0;0;0;0;0;0;0;0;0;0;0;0;1;0;0;0;0;0;1;0;1;0;1;1;0;0;0;0;NA;0;0;0;0;0;0;1;1;1;1;0;0;1;0;1;0;0;0;1;0;0;1;0;0;0;0;0;0;0;0;0;0;0;0;NA;0;NA;NA;0;0;0;0;NA;0;1;1;0;0;0;0;0;0;0;0;1;0;0;NA;0;0;1;0;0;0;0;1;0;0;0;0;0;1;NA;0;1;0;0;0;1;0;1;0;0;0;0;1;1;NA;1;0;1;0;0;0;1;0;0;0;0;NA;0;0;1;0;1;0;0;0;0;0;1;1;0;0;0;1;1;0;0;0;1;1;0;NA;1;1;1;0;0;0;1;0;0;0;1;1;1;0;NA;1;0;1;1;1;0;1;0;1;0;NA;NA;0;0
Chuvash;0;0;0;0;0;0;0;0;0;1;0;0;0;0;0;0;0;1;1;1;0;1;0;0;0;0;0;0;1;0;0;1;1;1;1;0;1;0;1;0;1;1;0;0;1;0;1;0;0;0;0;0;0;0;0;0;1;1;0;0;0;1;1;1;1;0;0;0;1;1;1;0;1;0;0;0;0;0;0;1;1;1;1;1;0;1;0;0;0;0;0;1;0;0;1;0;0;0;1;0;0;0;0;0;0;0;0;0;0;0;0;0;0;0;0;1;0;0;0;1;0;0;0;0;1;0;0;1;0;0;1;0;0;0;0;0;0;0;0;0;NA;0;0;0;1;0;1;1;0;0;0;0;0;0;0;0;0;1;NA;0;0;1;0;1;0;0;0;1;0;0;0;1;0;0;0;1;0;1;1;0;0;0;0;1;1;0;0;0;1;1;1;0;0;0;0;0;1;1;1;1;NA;0;0;1;0;0;0;1;1;1;0;1;1;0;1;0;1;0;1;1;1;0;1;0;0;1
Yakut;0;0;0;0;1;1;0;0;1;1;0;0;0;0;0;0;0;1;1;1;1;1;0;0;0;0;0;0;0;0;0;1;1;1;1;0;1;0;1;0;0;1;1;0;1;0;1;0;0;0;0;0;0;0;0;0;0;1;0;0;0;0;1;1;1;0;1;0;1;1;1;0;1;0;1;1;0;0;0;1;1;NA;1;1;0;1;0;0;1;0;0;1;0;1;1;0;0;0;1;0;0;0;0;0;0;0;0;0;0;1;0;0;0;0;0;1;0;0;0;0;1;0;0;0;1;0;0;NA;0;1;0;0;0;0;0;1;0;0;1;0;NA;0;0;1;1;0;1;1;1;0;0;0;0;0;0;0;0;1;0;1;1;1;0;1;1;0;0;1;0;0;0;0;NA;0;0;1;0;1;0;0;0;0;0;0;1;0;0;1;NA;1;1;0;0;0;0;1;0;1;0;0;0;0;0;1;1;1;0;0;1;1;0;1;1;0;1;0;1;0;1;1;1;0;1;1;0;1
Khalaj;0;0;1;0;1;0;0;0;0;0;0;0;0;0;0;0;0;1;1;1;1;1;0;0;0;0;0;0;0;0;0;1;1;1;1;0;1;0;1;0;1;1;0;0;1;0;1;0;0;0;0;0;0;0;0;0;0;1;0;0;0;0;1;1;1;0;1;NA;0;0;1;NA;NA;0;1;NA;0;0;1;1;0;NA;1;1;0;0;0;0;1;0;0;NA;0;0;1;0;0;0;1;0;0;0;0;0;0;0;0;1;0;NA;NA;0;0;0;0;NA;0;0;0;1;0;NA;NA;NA;NA;NA;0;1;0;0;1;0;NA;NA;0;0;NA;0;0;0;NA;0;0;NA;0;0;1;1;0;0;0;0;0;0;0;0;0;0;0;0;NA;NA;1;1;0;0;0;1;0;0;0;0;NA;0;0;1;0;1;0;1;0;0;0;1;1;NA;0;0;1;1;1;0;0;0;0;1;1;1;1;1;0;1;1;1;1;0;0;1;1;NA;0;1;1;0;1;0;1;0;1;1;1;0;NA;NA;0;1
Shor;0;0;0;0;NA;0;0;0;0;1;0;0;0;0;0;0;0;1;1;1;1;1;0;0;0;0;0;0;0;0;0;1;1;1;1;0;1;0;1;0;1;1;1;1;1;0;1;0;0;0;0;0;0;0;0;0;0;1;0;0;0;0;1;1;1;0;1;1;1;1;1;0;NA;NA;1;NA;0;0;0;1;1;NA;1;1;0;0;0;0;1;0;0;1;0;1;1;0;0;0;NA;0;0;0;0;0;0;0;0;0;0;1;0;0;0;0;0;NA;0;0;0;1;0;0;0;0;1;0;0;1;0;0;0;0;0;0;0;NA;0;0;NA;0;1;0;0;NA;NA;NA;1;1;0;0;0;0;0;0;0;0;0;0;0;1;0;1;NA;NA;0;0;0;1;0;0;0;0;NA;NA;NA;1;0;1;0;NA;NA;0;0;1;1;0;0;0;1;1;1;0;0;NA;0;1;1;1;1;1;0;1;1;1;1;0;0;1;1;1;0;NA;1;0;1;0;1;0;1;1;1;0;NA;NA;0;1
Tuvan;0;0;0;0;NA;NA;0;0;0;0;0;0;0;0;0;0;0;1;NA;1;1;1;0;0;0;0;0;0;0;NA;NA;1;1;1;1;NA;NA;0;1;0;1;1;1;1;1;0;1;0;0;0;0;0;0;0;0;0;NA;1;0;0;0;NA;1;1;1;0;NA;NA;0;0;0;NA;NA;0;NA;NA;0;0;0;1;NA;NA;NA;1;0;NA;NA;NA;1;0;0;1;0;1;1;0;1;NA;NA;0;0;0;0;0;0;0;0;NA;0;1;0;0;0;0;0;0;0;1;0;0;0;0;0;0;1;0;0;1;0;0;0;0;0;0;0;NA;0;0;0;NA;NA;0;0;1;NA;NA;0;1;1;0;0;0;0;0;0;0;0;NA;NA;1;1;NA;NA;NA;NA;NA;NA;1;0;0;0;0;NA;0;0;1;0;1;0;NA;NA;0;0;1;1;0;0;0;1;1;1;0;0;0;0;1;NA;1;1;1;0;1;1;1;1;0;0;1;1;NA;1;NA;1;0;1;0;1;0;1;1;1;0;NA;NA;0;1
Khakas;0;0;1;0;NA;1;0;0;0;1;0;0;0;0;NA;0;0;1;1;1;0;1;0;0;0;0;0;0;0;0;0;1;1;1;1;0;1;0;1;0;1;1;1;1;1;0;1;0;0;0;0;0;0;0;0;0;0;1;0;0;0;NA;1;1;1;0;1;NA;1;1;1;NA;1;0;NA;NA;0;0;0;1;NA;1;1;1;0;0;0;NA;1;0;0;1;0;1;1;0;NA;NA;1;0;0;0;0;0;0;0;0;0;0;1;0;0;0;0;0;1;NA;1;NA;1;NA;0;0;0;1;0;0;1;0;0;0;0;0;0;0;1;0;0;0;NA;NA;0;0;1;NA;NA;1;1;0;0;0;0;0;0;0;0;0;0;1;NA;1;1;1;1;0;0;0;1;0;0;0;0;NA;NA;NA;1;0;NA;0;NA;NA;0;0;1;1;0;0;0;1;1;0;0;0;0;0;1;NA;1;1;1;0;1;1;1;1;0;0;1;NA;1;0;1;1;0;1;0;1;0;1;1;1;0;1;0;1;1
CrimTatar;0;0;1;0;NA;1;0;0;0;1;0;0;0;0;0;0;0;1;NA;1;1;1;0;0;0;0;1;0;0;1;0;1;1;1;1;0;1;0;1;0;1;1;1;1;1;0;1;0;0;0;0;0;0;0;0;0;0;1;0;0;NA;0;1;1;1;0;1;0;1;0;0;0;1;0;1;NA;0;0;0;1;1;1;1;1;0;NA;0;NA;1;0;0;1;0;0;1;0;NA;1;1;0;0;0;0;0;0;0;0;0;0;1;0;0;0;0;0;1;0;1;0;1;0;0;0;0;1;0;0;1;0;0;1;0;0;0;0;NA;0;0;0;NA;NA;0;0;1;1;0;1;1;0;0;0;0;0;0;0;0;0;0;1;NA;0;1;0;1;0;0;0;1;0;0;0;0;NA;NA;NA;1;0;1;0;1;NA;0;0;1;1;1;0;1;1;1;1;0;0;NA;0;1;NA;1;1;1;0;1;1;1;0;0;0;1;1;1;0;1;1;0;1;0;1;0;1;1;1;0;NA;NA;0;1
Tatar;0;0;0;0;NA;1;0;0;0;1;0;0;0;0;0;0;0;1;NA;1;1;1;0;0;0;0;0;0;0;0;0;1;1;1;1;0;1;0;1;0;1;1;1;0;1;0;1;0;0;0;0;0;0;0;0;0;0;1;0;0;0;0;1;1;1;0;1;0;1;1;1;NA;1;0;NA;NA;0;0;0;1;1;1;NA;1;0;0;NA;NA;1;0;0;NA;0;1;1;0;0;0;0;0;0;0;0;0;0;0;0;0;0;1;0;0;0;0;0;1;NA;NA;NA;NA;NA;1;0;0;1;0;0;1;0;0;1;0;0;0;0;0;0;0;0;0;NA;0;0;NA;1;NA;0;1;0;0;0;0;0;0;0;0;0;0;1;0;NA;1;0;1;0;0;0;1;0;0;0;1;NA;0;0;1;0;0;0;1;0;0;0;1;1;1;0;0;1;1;1;0;0;NA;NA;1;NA;1;1;1;0;1;1;1;0;0;0;1;1;1;0;0;1;0;1;0;1;0;1;1;1;0;1;0;0;NA
Bashkir;0;0;0;0;NA;1;0;0;0;0;0;0;0;0;0;0;0;1;1;1;1;1;0;0;0;0;0;0;0;0;0;1;1;1;1;0;1;0;1;0;1;1;1;0;1;0;1;0;0;0;NA;NA;NA;NA;0;0;0;1;NA;NA;NA;NA;1;1;1;0;1;NA;1;1;0;NA;NA;0;1;NA;0;0;0;1;1;NA;NA;1;0;0;0;NA;1;0;0;1;0;1;1;0;NA;NA;1;0;0;0;0;0;0;0;0;0;0;1;NA;0;0;0;0;1;0;1;0;1;0;1;0;0;1;0;0;1;0;0;1;0;0;0;0;1;0;0;0;NA;NA;0;0;NA;NA;NA;0;1;1;0;0;0;0;0;0;0;0;0;0;0;0;0;0;1;0;0;0;1;0;0;0;NA;NA;NA;NA;1;NA;1;0;NA;NA;0;0;1;1;0;0;0;1;1;1;0;0;0;0;1;1;1;0;1;0;1;1;1;0;0;0;1;1;1;0;NA;1;NA;1;0;1;0;1;1;1;0;NA;NA;NA;NA
Turkish;0;0;1;0;1;0;0;0;0;1;0;0;0;0;0;0;0;1;1;1;1;1;0;0;0;0;0;0;0;1;0;1;1;1;1;0;1;0;1;0;1;1;1;1;1;0;1;0;0;0;0;0;0;0;0;0;0;1;0;0;0;0;1;1;1;0;1;1;1;1;1;0;1;0;1;0;0;0;0;1;1;1;1;1;0;0;0;0;1;0;0;1;0;1;1;0;0;0;1;0;0;0;0;0;0;0;0;0;0;1;0;0;0;0;0;1;0;0;0;1;0;0;0;0;1;0;0;1;0;0;0;1;0;0;0;0;0;0;0;0;1;0;0;1;1;0;0;1;0;0;0;0;0;0;0;0;0;0;0;0;1;1;0;1;0;0;0;1;0;0;0;0;0;0;0;1;0;1;0;1;0;0;0;1;1;0;0;0;1;1;1;0;0;0;0;1;1;1;1;1;1;0;1;1;0;0;0;1;1;1;0;1;1;0;1;0;1;0;1;1;1;0;1;0;0;1
Gagauz;0;0;1;0;NA;0;0;0;0;0;0;0;0;0;0;0;0;1;1;1;1;1;0;0;0;0;0;0;0;1;0;1;1;1;1;0;1;0;1;0;1;1;1;0;1;0;1;0;0;0;0;0;0;0;0;0;0;1;0;0;0;0;1;1;1;0;1;0;0;0;0;0;1;0;0;0;0;0;1;1;1;1;0;1;0;0;0;NA;1;0;0;0;0;NA;1;0;NA;0;NA;0;0;0;0;0;0;0;0;0;0;1;0;0;0;0;0;1;0;1;0;1;0;1;0;0;1;0;0;1;0;0;0;1;0;0;0;NA;0;0;0;0;1;0;0;NA;1;0;1;1;1;0;0;0;0;0;0;0;0;0;1;1;0;1;1;1;0;0;0;1;0;0;0;0;1;0;0;1;0;1;1;1;0;0;0;1;1;1;0;0;1;1;1;0;0;0;0;1;NA;1;0;1;0;0;1;1;1;0;0;1;1;1;0;1;1;0;1;0;1;0;1;1;1;0;1;0;0;1
Azerbaijani;0;0;0;0;0;1;0;0;0;0;0;0;0;0;0;0;0;1;1;1;1;1;0;0;0;0;0;0;0;0;0;1;1;1;1;0;1;0;1;0;1;1;1;0;1;0;1;0;0;0;0;0;0;0;0;0;NA;1;0;0;0;0;1;1;1;0;1;0;1;1;1;0;1;0;1;0;0;0;0;1;1;0;1;1;0;1;0;0;1;0;0;1;0;0;1;0;0;NA;1;0;0;0;0;0;0;0;0;0;0;1;0;0;0;0;0;0;0;1;0;1;0;1;0;0;1;0;0;1;0;0;0;0;0;0;0;0;0;0;0;0;1;0;0;1;1;0;1;1;0;0;0;0;0;0;0;0;0;0;0;0;0;1;1;1;NA;NA;NA;1;0;0;0;0;0;0;0;1;0;1;0;NA;NA;0;0;1;1;0;0;0;1;1;1;0;0;0;0;1;1;1;1;1;1;0;1;1;0;0;0;1;1;1;0;NA;1;0;1;0;1;0;1;1;1;0;1;0;0;1
Turkmen;0;0;1;0;0;0;0;0;0;0;0;0;0;0;0;0;0;1;1;1;1;1;0;0;0;0;0;0;0;0;0;1;1;1;1;0;1;0;1;0;1;1;1;1;1;0;1;0;0;0;0;0;0;0;0;0;0;1;0;0;0;0;1;1;1;0;NA;0;1;1;0;0;1;0;NA;NA;0;0;0;1;1;NA;1;1;0;0;0;NA;1;0;0;1;0;1;1;0;0;1;1;0;0;0;0;0;0;0;0;0;0;1;0;0;0;0;0;1;0;1;0;1;0;0;0;0;1;0;0;1;0;0;1;0;0;0;0;0;0;0;0;0;NA;0;0;1;1;NA;1;1;0;0;0;0;0;0;0;0;0;1;0;NA;0;1;0;1;NA;NA;NA;1;0;0;0;1;NA;0;0;1;0;1;0;NA;NA;0;0;1;1;1;1;0;1;1;1;0;0;1;0;1;1;1;1;1;1;1;1;1;1;0;0;1;1;1;0;1;1;0;1;0;1;0;1;1;1;0;1;0;0;1